,0
0,ab
1,abai
2,abang
3,abc
4,abdi
5,abdul
6,abdullah
7,abjad
8,about
9,absah
10,academy
11,acak
12,acara
13,aceh
14,acf
15,achmad
16,acid
17,active
18,acu
19,ada
20,adalah
21,adam
22,adams
23,adaptasi
24,addeventlistener
25,adek
26,adhianto
27,adhyaksa
28,adi
29,adik
30,adil
31,adisasmito
32,administrasi
33,administration
34,admits
35,admitted
36,adopsi
37,adu
38,adverse
39,advice
40,advokat
41,aerator
42,aff
43,afghanistan
44,afiliasi
45,afoot
46,afp
47,afrika
48,after
49,agal
50,agam
51,agama
52,agen
53,agenda
54,agens
55,aglomerasi
56,ago
57,agresi
58,agung
59,agus
60,agustus
61,ah
62,ahli
63,ahmad
64,ahmaud
65,ahppc
66,aido
67,aik
68,ain
69,air
70,airbnb
71,airvisual
72,aja
73,ajad
74,ajak
75,ajang
76,ajar
77,aju
78,ajudan
79,ajung
80,akademik
81,akal
82,akan
83,akbp
84,akd
85,akhir
86,aki
87,akibat
88,akp
89,akrab
90,akselerasi
91,akses
92,aksi
93,aktif
94,aktivis
95,aktivitas
96,aktor
97,aku
98,akuarium
99,akuin
100,akuini
101,akunbuka
102,akuntansi
103,akurat
104,al
105,ala
106,alam
107,alamat
108,alami
109,alas
110,alasannyadalam
111,alasannyadilansir
112,alasannyamulai
113,alat
114,albert
115,albertina
116,alergi
117,alfa
118,alfabet
119,alfeandra
120,alhamdulilah
121,alhamdulillah
122,alias
123,alih
124,alir
125,alkes
126,alkmaar
127,alkohol
128,all
129,almarhum
130,almeida
131,alofi
132,alokasi
133,alparedo
134,alpha
135,already
136,alternatif
137,aluminium
138,alun
139,alzheimer
140,aman
141,amanah
142,amanat
143,amanberikut
144,amat
145,ambang
146,ambarsari
147,ambarwati
148,ambil
149,ambulans
150,amerika
151,amin
152,amos
153,ampara
154,ampat
155,amplification
156,amplifikasi
157,ampuh
158,ampun
159,amsterdam
160,amsyong
161,amuk
162,amunisi
163,amunisimengizinkan
164,an
165,anak
166,analisa
167,analisis
168,anarki
169,ancam
170,and
171,anda
172,andai
173,andap
174,andi
175,andil
176,android
177,anek
178,aneka
179,anestesi
180,angel
181,angela
182,angelus
183,anggap
184,anggar
185,anggota
186,anggur
187,angin
188,angka
189,angkat
190,angsur
191,ani
192,anies
193,animal
194,animals
195,animo
196,anjlok
197,anjur
198,announces
199,another
200,answers
201,antah
202,antapani
203,antar
204,antariksa
205,antarlembaga
206,anthony
207,anti
208,antibiotik
209,antibodi
210,antibody
211,antigen
212,antioxidant
213,antisipasi
214,antisipatif
215,antivaksin
216,antivirus
217,antri
218,antusias
219,anwar
220,apa
221,aparat
222,aparatur
223,apartemen
224,apbn
225,apd
226,apel
227,aplikasi
228,apotek
229,apresiasi
230,april
231,aprilia
232,aquarium
233,arab
234,arah
235,arberykementerian
236,are
237,area
238,argumen
239,arguments
240,ari
241,arief
242,ariek
243,arif
244,arifien
245,arifuddin
246,arika
247,aristoteles
248,ariyadi
249,arjasari
250,arrested
251,arti
252,arum
253,arus
254,as
255,asa
256,asaad
257,asai
258,asal
259,asam
260,asap
261,asas
262,asasi
263,asep
264,ashari
265,asia
266,asimetris
267,asimptomatis
268,asing
269,asisten
270,asli
271,asma
272,asn
273,asosiasi
274,aspirasi
275,aspri
276,assettype
277,assimak
278,astra
279,astrazaneca
280,astrazeneca
281,asumsi
282,asupan
283,aswin
284,asy
285,asyik
286,asymptomatic
287,async
288,atagi
289,atap
290,atas
291,atauoverdue
292,ati
293,atlet
294,atlit
295,atlitsiranap
296,atmosfer
297,attas
298,aturannyapencegahan
299,aturannyasimak
300,aturannyawiku
301,aud
302,audit
303,austalia
304,australia
305,authorization
306,autoimun
307,avigan
308,avisa
309,awal
310,awan
311,awas
312,awat
313,ayah
314,ayam
315,ayat
316,ayo
317,az
318,azh
319,azitromycin
320,aziz
321,azl
322,azra
323,azyumardi
324,ba
325,babak
326,babel
327,babi
328,babies
329,baca
330,bacakeun
331,baco
332,bacok
333,badai
334,badan
335,badung
336,bagai
337,bagaimana
338,bagus
339,bah
340,bahan
341,bahas
342,bahasa
343,bahaya
344,baik
345,baju
346,bak
347,bakar
348,bakteri
349,bakti
350,bal
351,balai
352,balaikota
353,balap
354,balas
355,balik
356,balmoral
357,bambu
358,bamsoet
359,ban
360,bandara
361,banding
362,bandung
363,bandungasep
364,bandungdi
365,bandungganjil
366,bandunguntuk
367,bangan
368,banget
369,bangga
370,bangka
371,bangkang
372,bangkit
373,bangkrut
374,bangsa
375,bangun
376,banjarmasin
377,banjir
378,bank
379,banner
380,bansos
381,bantah
382,bantai
383,banten
384,bantu
385,banyak
386,bar
387,barang
388,barangkali
389,baratskema
390,barcode
391,bardir
392,bareng
393,bareskrim
394,baring
395,baris
396,baru
397,barukebanyakan
398,bas
399,base
400,basket
401,basri
402,basuki
403,baswedan
404,batal
405,batas
406,baterai
407,batok
408,batu
409,batubara
410,batuk
411,batukgejala
412,baur
413,bavaria
414,bawa
415,bawah
416,bayar
417,bayi
418,bayu
419,bba
420,bbc
421,bbcws
422,bbibp
423,bbn
424,be
425,bear
426,beatrix
427,beaver
428,beaverberjudul
429,beban
430,bebas
431,bebass
432,beber
433,beberapa
434,bed
435,beda
436,been
437,begini
438,begitu
439,bekal
440,bekas
441,beking
442,bela
443,belah
444,belakang
445,belanda
446,belanja
447,belarusia
448,belas
449,beli
450,beliau
451,belig
452,belitung
453,belmont
454,belok
455,benak
456,benar
457,benarmenjaga
458,bencana
459,benernya
460,bengkulu
461,benjamin
462,bentrok
463,bentuk
464,benua
465,ber
466,beraktifitas
467,berangkat
468,berani
469,beranta
470,berantas
471,berat
472,beratapalagi
473,berbicarahentikan
474,beres
475,beri
476,berikutlebih
477,berikutnyabukan
478,berita
479,berjuduln
480,berkah
481,berkas
482,berkat
483,berlakune
484,berlangsungperdana
485,bernaama
486,bernard
487,bersih
488,beruang
489,berupatangkapan
490,besar
491,besi
492,besit
493,besok
494,beta
495,betul
496,bhayangkara
497,bi
498,biak
499,biar
500,biasa
501,biasacorona
502,biasaomicron
503,biaya
504,bibir
505,bibit
506,bicara
507,bidang
508,biden
509,bidik
510,big
511,bijak
512,bill
513,bima
514,bimbing
515,bin
516,bina
517,bingung
518,binsar
519,bintang
520,biocelect
521,biologi
522,biologis
523,biontech
524,biotech
525,biotherapeutics
526,biro
527,birojabar
528,biromakassar
529,birthday
530,biru
531,bishop
532,bishopall
533,bisnis
534,bius
535,bkd
536,bl
537,blackout
538,blasio
539,ble
540,blitar
541,blok
542,blokir
543,blood
544,bm
545,bmkg
546,bnpb
547,bnpn
548,boalemo
549,bocah
550,bocor
551,bodoh
552,body
553,bogor
554,bogorselain
555,bohong
556,bojong
557,bojongsari
558,bola
559,boleh
560,bolongia
561,bolongper
562,bom
563,bonceng
564,bong
565,bongbong
566,bongkar
567,book
568,booster
569,boosternya
570,boosterpada
571,boostersesuai
572,boozy
573,bor
574,borgol
575,borla
576,bos
577,both
578,botol
579,bourla
580,box
581,boyolali
582,bpbd
583,bpjs
584,bpnb
585,bpom
586,bpomvaksin
587,bpomwarga
588,bps
589,braif
590,brain
591,brand
592,branddiburu
593,brasil
594,brawijaya
595,breaking
596,brengsek
597,bri
598,brian
599,brick
600,brimob
601,briptu
602,brisbane
603,british
604,broady
605,brooks
606,brother
607,brotherstes
608,brotherstres
609,brunei
610,bst
611,bu
612,buah
613,buahbatu
614,buang
615,buat
616,buaya
617,bubar
618,bubuh
619,bubuk
620,buckingham
621,budaya
622,budhi
623,budi
624,budianto
625,buka
626,bukahlah
627,bukti
628,buku
629,bulan
630,bulat
631,bule
632,bulldozer
633,bullying
634,buluh
635,bumi
636,bumn
637,bundar
638,bunga
639,bungkam
640,bungkus
641,bungsu
642,bungur
643,bunuh
644,bunyi
645,bupati
646,burhan
647,burka
648,buru
649,buruk
650,burukmenghindari
651,burung
652,bus
653,busyro
654,but
655,buta
656,butuh
657,by
658,bye
659,bythe
660,cabut
661,cacat
662,cadar
663,cahya
664,cahyono
665,cair
666,cakap
667,cakup
668,california
669,call
670,calon
671,caludia
672,camat
673,camilla
674,campur
675,campus
676,can
677,canberra
678,canda
679,cangkir
680,cantum
681,capres
682,cara
683,cardiac
684,cardiovascular
685,cari
686,case
687,cash
688,catat
689,cattelya
690,cause
691,caused
692,cawapres
693,ccc
694,cctv
695,cdc
696,cdpob
697,cebur
698,cecep
699,cedera
700,cegah
701,cegat
702,cek
703,ceko
704,celana
705,celebes
706,celsius
707,celurit
708,cemooh
709,cenderung
710,cengkareng
711,centang
712,center
713,centre
714,ceo
715,cepat
716,cerah
717,ceramah
718,cerdas
719,cerita
720,cermat
721,cermin
722,certainly
723,certificate
724,cetak
725,cetus
726,cfr
727,chahill
728,chai
729,chairul
730,chaniago
731,channel
732,charged
733,charles
734,check
735,checkyourfact
736,chest
737,chief
738,chills
739,china
740,chinese
741,chip
742,chipped
743,christy
744,ciamik
745,cianjur
746,cibalong
747,cibinong
748,cibinongarif
749,cibiuk
750,cicendo
751,cik
752,cilacap
753,cilagdosis
754,cilandak
755,cileunyi
756,cilincing
757,ciliwung
758,cilodong
759,cimahi
760,cina
761,cinta
762,cipanas
763,cipkon
764,cipta
765,cipularang
766,ciputat
767,ciri
768,cisompet
769,cita
770,citamiang
771,citra
772,city
773,cium
774,clarence
775,claudia
776,clayton
777,cleansing
778,close
779,cnbc
780,cnn
781,coba
782,coblong
783,cocok
784,coincidence
785,coklat
786,cold
787,colds
788,com
789,comes
790,comirnatymoderna
791,command
792,commerce
793,community
794,compact
795,companies
796,compensation
797,concentrator
798,concern
799,conlon
800,conservative
801,contentwindow
802,contoh
803,control
804,convention
805,coordinator
806,copet
807,copot
808,copyrighted
809,copyrights
810,corona
811,coronaadapun
812,coronadalam
813,coronanamun
814,coronapencabutan
815,coronavac
816,coronavacbharat
817,coronavirus
818,corv
819,cosplayer
820,cost
821,could
822,country
823,coursera
824,couzens
825,cov
826,covaxinsinopharm
827,covd
828,covid
829,covidbagaimana
830,covidhal
831,covidharapan
832,covidlebih
833,covidmantan
834,covidpihak
835,covidsementara
836,covidsiti
837,covidwarga
838,covishieldpfizer
839,cowok
840,cps
841,crawford
842,createelement
843,cressida
844,crises
845,cristensen
846,cronchronchronos
847,cshl
848,cuaca
849,cuci
850,cucu
851,cuit
852,cukup
853,culture
854,cuman
855,cuplik
856,curhat
857,curi
858,curiga
859,cusahakan
860,custom
861,cut
862,cuti
863,cyrus
864,daan
865,dada
866,dadak
867,dadang
868,daerah
869,daftar
870,daftarnyaberikut
871,daftarnyabor
872,dagang
873,daging
874,dahak
875,dahi
876,dahlan
877,dailymail
878,dajjal
879,dakwa
880,dalam
881,dalih
882,damage
883,damai
884,damaisimak
885,dame
886,damkar
887,dampak
888,damping
889,dana
890,danang
891,dance
892,dandan
893,dangdut
894,dante
895,danthumbnailyang
896,dapat
897,darah
898,dari
899,daring
900,dariworld
901,darkuniverse
902,darurat
903,darussalam
904,dasarnyaketua
905,dasarnyalalu
906,dasco
907,daszak
908,database
909,datang
910,datar
911,datawrapper
912,date
913,datejika
914,datesetelah
915,daulat
916,daun
917,daya
918,dcidentifier
919,dead
920,death
921,decide
922,declared
923,dedan
924,dedcdf
925,dedy
926,definisi
927,defretes
928,degrees
929,dehem
930,dek
931,dekade
932,dekat
933,deklarasi
934,delapan
935,delhi
936,delmicron
937,delta
938,deltan
939,deltaomicron
940,demam
941,demo
942,demokrasi
943,demokrasieiu
944,demokrat
945,demokratis
946,demonstran
947,demonstrasi
948,dems
949,den
950,denda
951,dendritik
952,dengar
953,denitirta
954,denmark
955,depan
956,departemen
957,depok
958,depokdi
959,depoksebagai
960,deposit
961,deputi
962,dera
963,derajat
964,deret
965,derita
966,desa
967,desain
968,desak
969,describe
970,desember
971,deskripsi
972,destinasi
973,deteksi
974,detikcom
975,detikjateng
976,devil
977,dewan
978,dewangga
979,dewasa
980,dexamethasone
981,di
982,diagnosis
983,diagnostik
984,diam
985,diburulihat
986,dick
987,dicovidkan
988,didik
989,die
990,died
991,digarisbawahi
992,digencarkanarum
993,digital
994,digitalisasi
995,dihadang
996,dikki
997,diktator
998,dikuatirkan
999,diminimalisir
1000,dimyati
1001,din
1002,dinamika
1003,dinamis
1004,dinas
1005,dinaturalisasiberikut
1006,dinding
1007,dinetralisir
1008,dingin
1009,dinkes
1010,dioksida
1011,dipatiukur
1012,diperiksadia
1013,diperiksajamal
1014,diploid
1015,diplomat
1016,dir
1017,dirawatmintoro
1018,dirawatseperti
1019,direct
1020,direktorat
1021,direktur
1022,dirga
1023,diri
1024,diridia
1025,dirjen
1026,dirumahaja
1027,discovered
1028,disdikbud
1029,disease
1030,disfungsi
1031,dishub
1032,disimpulkandia
1033,disinfektan
1034,disiplin
1035,disk
1036,diskriminasi
1037,diskriminatif
1038,diskualifikasi
1039,diskusi
1040,disorder
1041,disorders
1042,disrupsi
1043,distancing
1044,distancingselama
1045,ditandatangani
1046,ditanggappi
1047,ditangkappolisi
1048,diterapkandiberitakan
1049,diterapkandilihat
1050,diterapkanlihat
1051,diterapkansimak
1052,ditingkatkanmeski
1053,ditlantas
1054,ditreskrimsus
1055,diupdate
1056,djaja
1057,djauhar
1058,dki
1059,dkidari
1060,dkidudi
1061,dkiper
1062,dll
1063,dm
1064,dmi
1065,dmitry
1066,dna
1067,dnu
1068,doa
1069,dobak
1070,dobrak
1071,doctorhalodochomecareklikdokterlekasehatlinksehatmdocmilvik
1072,doctors
1073,document
1074,dok
1075,dokter
1076,dokterprosehatsehatqklinikgotrustmedisyesdokvascular
1077,doktor
1078,dokumen
1079,dollar
1080,dolores
1081,domestik
1082,dominan
1083,dominasi
1084,domisili
1085,donal
1086,donald
1087,done
1088,donor
1089,door
1090,dorong
1091,dosen
1092,dosis
1093,dot
1094,downing
1095,dpa
1096,dpc
1097,dpo
1098,dpp
1099,dpr
1100,dprd
1101,dputr
1102,dramatis
1103,drastis
1104,dream
1105,dreamcast
1106,drg
1107,drop
1108,dudi
1109,duduk
1110,duga
1111,duit
1112,dukung
1113,duluan
1114,dumin
1115,dungu
1116,dunia
1117,duniapangeran
1118,dupa
1119,durasi
1120,duren
1121,duri
1122,dus
1123,dusun
1124,duterte
1125,dutertesara
1126,duty
1127,dw
1128,dwia
1129,ebola
1130,ebrahim
1131,ecek
1132,economic
1133,economist
1134,ect
1135,ed
1136,edi
1137,edisi
1138,education
1139,edukasi
1140,edy
1141,efek
1142,efektif
1143,efektifvitasnya
1144,efektivitas
1145,eff
1146,effects
1147,efficient
1148,efikasi
1149,efisiensi
1150,ega
1151,eidos
1152,eisenhower
1153,eiu
1154,eja
1155,ekologi
1156,ekonomi
1157,ekor
1158,eks
1159,eksekutif
1160,eksekutiffx
1161,eksekutifpada
1162,eksperimen
1163,ekspos
1164,ekspresi
1165,eksternal
1166,ekstrim
1167,el
1168,elektronik
1169,elf
1170,elite
1171,elizabeth
1172,elok
1173,elon
1174,email
1175,emban
1176,embara
1177,emergency
1178,emil
1179,emine
1180,emmanuel
1181,emosi
1182,empat
1183,empiris
1184,empuk
1185,enam
1186,end
1187,endra
1188,energi
1189,enggak
1190,enggan
1191,epidemiolog
1192,episentrum
1193,episode
1194,erat
1195,erdogan
1196,erection
1197,ereksi
1198,eric
1199,erlina
1200,ernst
1201,eropa
1202,error
1203,erti
1204,erwin
1205,esa
1206,esensi
1207,esensial
1208,eskalasi
1209,esok
1210,etik
1211,etika
1212,etnis
1213,euthanasia
1214,euyy
1215,eva
1216,evakuasi
1217,evaluasi
1218,event
1219,everard
1220,evil
1221,exclusive
1222,exert
1223,experiment
1224,experimental
1225,expert
1226,extension
1227,extraordinary
1228,faceapakah
1229,facebook
1230,facebookkembali
1231,fadil
1232,fadilah
1233,fadly
1234,faham
1235,fahry
1236,failure
1237,faisal
1238,fakhruddin
1239,fakta
1240,faktauntuk
1241,faktor
1242,faktual
1243,fakultas
1244,fani
1245,fantastis
1246,farid
1247,farma
1248,farmasi
1249,fase
1250,fasilitas
1251,fasis
1252,faskes
1253,fatal
1254,fatalitas
1255,fatality
1256,fatari
1257,fathurrahman
1258,fauci
1259,favipiravir
1260,fbi
1261,fda
1262,feb
1263,februari
1264,federal
1265,federasi
1266,fenoksietanol
1267,fenomena
1268,ferdinan
1269,ferdinand
1270,ferrari
1271,festival
1272,fh
1273,fhs
1274,figo
1275,filipina
1276,filipinaapakah
1277,film
1278,filsuf
1279,final
1280,finding
1281,finlandia
1282,fiq
1283,firma
1284,firman
1285,first
1286,fisik
1287,fisikmencuci
1288,fitri
1289,fjp
1290,fks
1291,flayer
1292,fleksibel
1293,florona
1294,flu
1295,fluberkeringat
1296,fluimucil
1297,fluktuatif
1298,flusakit
1299,fokus
1300,for
1301,forkopimda
1302,form
1303,formalin
1304,former
1305,formil
1306,formulir
1307,forum
1308,foto
1309,fotoflyer
1310,fotografi
1311,fotoyang
1312,foundation
1313,founder
1314,four
1315,fox
1316,fpi
1317,fpks
1318,fraksi
1319,fraud
1320,from
1321,front
1322,frustasi
1323,frustrasi
1324,fuckshit
1325,full
1326,function
1327,fungsi
1328,fx
1329,fyi
1330,gabung
1331,gadget
1332,gading
1333,gadis
1334,gaduh
1335,gadung
1336,gaet
1337,gagak
1338,gagal
1339,gagas
1340,gage
1341,gaji
1342,galak
1343,galang
1344,galeri
1345,gali
1346,gamaleya
1347,gambas
1348,game
1349,games
1350,gamma
1351,gampang
1352,ganas
1353,ganda
1354,gandeng
1355,gang
1356,ganggu
1357,gangsa
1358,gangster
1359,ganjar
1360,ganjarberagam
1361,ganjil
1362,ganti
1363,gantung
1364,gap
1365,gapai
1366,garam
1367,garis
1368,garut
1369,gas
1370,gatal
1371,gate
1372,gates
1373,gave
1374,gawai
1375,gearaka
1376,gede
1377,gedong
1378,gedung
1379,gegana
1380,gegara
1381,gegas
1382,geger
1383,gejala
1384,gejalasyarat
1385,gelandang
1386,gelap
1387,gelar
1388,gelas
1389,geletak
1390,geliat
1391,gelimpang
1392,gelombang
1393,gelontor
1394,gembira
1395,gempar
1396,gen
1397,genap
1398,gencar
1399,general
1400,generasi
1401,generator
1402,geng
1403,genius
1404,genome
1405,genosida
1406,genta
1407,geofisika
1408,geografis
1409,gera
1410,gerai
1411,gerak
1412,gerangan
1413,gerbang
1414,gereget
1415,gereja
1416,gerindra
1417,germany
1418,geser
1419,get
1420,getelementsbytagname
1421,getty
1422,giat
1423,gibran
1424,gigi
1425,gih
1426,gilas
1427,gilber
1428,gilbert
1429,gilbertmenyerahkan
1430,gilir
1431,ginjal
1432,giring
1433,girsang
1434,gizi
1435,global
1436,go
1437,goblok
1438,god
1439,gojek
1440,golong
1441,goods
1442,google
1443,gor
1444,goreng
1445,gorontalo
1446,goth
1447,gotong
1448,government
1449,goyah
1450,gp
1451,grace
1452,graden
1453,grafik
1454,graha
1455,gratis
1456,great
1457,greek
1458,green
1459,greg
1460,grid
1461,grosir
1462,grup
1463,gua
1464,gubernur
1465,gue
1466,guess
1467,gufron
1468,gugat
1469,gugur
1470,gula
1471,gulana
1472,gulat
1473,gulir
1474,guna
1475,gunadi
1476,gunansar
1477,guncang
1478,gundah
1479,gunung
1480,guru
1481,gusdimansyah
1482,habibie
1483,habis
1484,had
1485,hadap
1486,hadimuljono
1487,hadir
1488,haf
1489,hajat
1490,haji
1491,hajinews
1492,hajizainut
1493,hak
1494,haka
1495,hakim
1496,halah
1497,halaman
1498,ham
1499,hamil
1500,hancur
1501,handiman
1502,hangat
1503,hanoi
1504,hantam
1505,hantu
1506,hanyut
1507,hapal
1508,happened
1509,hapus
1510,harap
1511,harbuwono
1512,hard
1513,harfia
1514,harga
1515,hari
1516,harianti
1517,hariantivirus
1518,haribrian
1519,harisimak
1520,harjono
1521,haru
1522,harum
1523,harus
1524,harvard
1525,has
1526,hasan
1527,hasil
1528,hassan
1529,hastuti
1530,hasyim
1531,hati
1532,hatta
1533,have
1534,haver
1535,hazmat
1536,hb
1537,he
1538,healthalodoktergetwellgood
1539,hebat
1540,heboh
1541,hehamahua
1542,height
1543,hektare
1544,helmiawan
1545,hemat
1546,hembus
1547,hendak
1548,hendrawan
1549,henti
1550,hentipemain
1551,heran
1552,herd
1553,heroik
1554,heterolog
1555,hewan
1556,hi
1557,hias
1558,hibur
1559,hidayat
1560,hidung
1561,hidup
1562,hijau
1563,hijaustatus
1564,hilang
1565,hilanggangster
1566,hilanglihat
1567,hilangwiku
1568,hilmar
1569,himbauan
1570,himpun
1571,hindar
1572,hindia
1573,histeris
1574,historis
1575,hitam
1576,hitung
1577,hk
1578,hmw
1579,hnw
1580,hoax
1581,hobi
1582,home
1583,homofobia
1584,homolog
1585,honor
1586,hopkin
1587,hormat
1588,horor
1589,hospital
1590,hotel
1591,house
1592,hp
1593,htan
1594,huanan
1595,hubung
1596,huda
1597,hudhi
1598,hujan
1599,hukum
1600,human
1601,humas
1602,hungaria
1603,huni
1604,hunt
1605,huruf
1606,hutan
1607,hutang
1608,hybrid
1609,ibadah
1610,ibagikan
1611,iblis
1612,ibnusholeh
1613,ibrahim
1614,ibrahimnegara
1615,ibrani
1616,ibu
1617,ibukota
1618,ibunda
1619,icu
1620,icvc
1621,id
1622,idah
1623,idap
1624,ide
1625,ideal
1626,identifikasi
1627,identik
1628,identitas
1629,idh
1630,idi
1631,idjika
1632,idle
1633,idn
1634,idpada
1635,idpasien
1636,idris
1637,idul
1638,if
1639,iframe
1640,ig
1641,igd
1642,ii
1643,iii
1644,iin
1645,ikan
1646,ikat
1647,ikbal
1648,ikhlas
1649,ikhtiar
1650,ikhwan
1651,ikiran
1652,ikn
1653,ikut
1654,ilaihi
1655,ilegal
1656,ilir
1657,illinois
1658,ilmiah
1659,ilmu
1660,ilmuwan
1661,ilustrasi
1662,images
1663,imagespacquiao
1664,imagespengkritiknya
1665,iman
1666,imbang
1667,imbas
1668,imbau
1669,imbuh
1670,imdb
1671,imelda
1672,imendagri
1673,imigrasi
1674,imk
1675,imlek
1676,immediately
1677,immune
1678,immunity
1679,impala
1680,implementatif
1681,impor
1682,imron
1683,imun
1684,imunisasi
1685,imunitas
1686,imunologi
1687,inap
1688,includes
1689,increase
1690,indah
1691,indak
1692,indekos
1693,indeks
1694,independen
1695,independensi
1696,indera
1697,index
1698,indexof
1699,india
1700,indikasi
1701,indikator
1702,individu
1703,indofarma
1704,indonesia
1705,indonesiabaik
1706,indonesiadedy
1707,indonesiadilansir
1708,indonesiapada
1709,indra
1710,indramayu
1711,indro
1712,industri
1713,infeksi
1714,infeksius
1715,inflammation
1716,inflasi
1717,info
1718,infografis
1719,informasi
1720,informasiyang
1721,informatika
1722,informed
1723,ingat
1724,inggris
1725,ini
1726,iniberedar
1727,inisial
1728,inisiasi
1729,injection
1730,injeksi
1731,inkonstitusional
1732,inkubasi
1733,inmendagri
1734,innalillahi
1735,inokulasi
1736,inovasi
1737,inovator
1738,input
1739,insan
1740,insentif
1741,insertbefore
1742,insiden
1743,instagram
1744,instagramable
1745,instagramnya
1746,instansi
1747,institut
1748,institute
1749,instruksi
1750,instrumen
1751,intelligence
1752,intens
1753,intensitas
1754,interactive
1755,interaksi
1756,internal
1757,internasional
1758,international
1759,internet
1760,interstitial
1761,interval
1762,inti
1763,intip
1764,intisari
1765,invasi
1766,investasi
1767,investigasi
1768,ipb
1769,ipda
1770,iqbal
1771,iqomat
1772,ira
1773,iran
1774,irawan
1775,irfan
1776,iriana
1777,iriawan
1778,irigasi
1779,iring
1780,irlandia
1781,irwandi
1782,is
1783,isa
1784,iskan
1785,islam
1786,islandia
1787,isolasi
1788,isolasisementara
1789,isoman
1790,isomanangka
1791,isomandokter
1792,isomannya
1793,isoter
1794,israel
1795,issue
1796,istana
1797,istilah
1798,istimewa
1799,istirahat
1800,istri
1801,isu
1802,isyarat
1803,ita
1804,itb
1805,ite
1806,item
1807,itu
1808,ituberdurasi
1809,ituberisi
1810,itumenjadi
1811,itumenulis
1812,iv
1813,iwan
1814,ix
1815,iya
1816,izin
1817,izt
1818,jab
1819,jabar
1820,jabardprd
1821,jabarprov
1822,jabarsimak
1823,jabat
1824,jabodetabek
1825,jabodetabekirwandi
1826,jabodetabeklalu
1827,jadi
1828,jadwal
1829,jaelani
1830,jaga
1831,jagal
1832,jahat
1833,jahe
1834,jahit
1835,jaja
1836,jajar
1837,jakartabadan
1838,jakartaberdasarkan
1839,jakartadinas
1840,jakartaketua
1841,jakartasementara
1842,jakartasetelah
1843,jakbar
1844,jaket
1845,jaki
1846,jakidilansir
1847,jakiselanjutnya
1848,jakpus
1849,jaksa
1850,jaksel
1851,jaktim
1852,jakupovic
1853,jakut
1854,jalur
1855,jam
1856,jamaah
1857,jamal
1858,jamaludin
1859,jambaca
1860,jambi
1861,jamin
1862,jampasien
1863,jamur
1864,janggal
1865,jangka
1866,jangkau
1867,jangkit
1868,janin
1869,janji
1870,janssen
1871,jantung
1872,januari
1873,jarah
1874,jarak
1875,jaring
1876,jarum
1877,jas
1878,jasa
1879,jasarevic
1880,jateng
1881,jatim
1882,jatuh
1883,jauh
1884,jauhari
1885,jawa
1886,jawab
1887,jawabannyadalam
1888,jawara
1889,jaya
1890,jayapura
1891,jazeera
1892,jbr
1893,jeblos
1894,jeda
1895,jeding
1896,jelang
1897,jelas
1898,jelata
1899,jemaah
1900,jember
1901,jemput
1902,jemur
1903,jenazah
1904,jenderal
1905,jenggot
1906,jenis
1907,jenisnyavaksin
1908,jenjang
1909,jenny
1910,jepang
1911,jepret
1912,jerat
1913,jerinx
1914,jerman
1915,jermancovid
1916,jermanpembatalan
1917,jernih
1918,jersey
1919,jeruk
1920,jerumus
1921,jht
1922,jhtsebelumnya
1923,jidat
1924,jijik
1925,jilat
1926,jim
1927,jingga
1928,jinping
1929,jiwa
1930,jiwasraya
1931,jkp
1932,job
1933,joe
1934,joget
1935,john
1936,johnson
1937,joko
1938,jokowi
1939,jordan
1940,jorgen
1941,joybera
1942,jpo
1943,jr
1944,jrsalah
1945,jual
1946,juang
1947,juara
1948,judul
1949,juicy
1950,jujur
1951,juli
1952,juma
1953,jumat
1954,jumbo
1955,jumpa
1956,junaidi
1957,junfi
1958,jung
1959,juni
1960,junimart
1961,junior
1962,jurang
1963,jurangsebuah
1964,jurig
1965,jurnal
1966,jurong
1967,juru
1968,just
1969,juta
1970,jutadia
1971,jutakasus
1972,jutamenurut
1973,jutanamun
1974,jutapenerapan
1975,jutasebelumnya
1976,kabar
1977,kabareskrim
1978,kabarterkini
1979,kabid
1980,kabinet
1981,kabul
1982,kabupaten
1983,kabur
1984,kabut
1985,kaca
1986,kacau
1987,kad
1988,kadaluarsa
1989,kadaluwarsa
1990,kader
1991,kadinkes
1992,kadisdikbud
1993,kadisdukcapil
1994,kadrun
1995,kafe
1996,kaget
1997,kah
1998,kain
1999,kais
2000,kait
2001,kak
2002,kakak
2003,kakankemenag
2004,kakek
2005,kaki
2006,kalah
2007,kalang
2008,kali
2009,kaliber
2010,kalideres
2011,kalimantan
2012,kalimat
2013,kalisat
2014,kalsel
2015,kamar
2016,kambang
2017,kamera
2018,kamil
2019,kamilagus
2020,kampanye
2021,kampung
2022,kampus
2023,kamu
2024,kan
2025,kanak
2026,kanal
2027,kandas
2028,kandidat
2029,kandou
2030,kandung
2031,kang
2032,kanit
2033,kanker
2034,kanselir
2035,kantong
2036,kantor
2037,kanu
2038,kanwil
2039,kaos
2040,kapal
2041,kapan
2042,kapasitas
2043,kapital
2044,kapolda
2045,kapolres
2046,kapolrestabes
2047,kapolri
2048,kapolsek
2049,kappa
2050,kapuk
2051,karakter
2052,karakteristik
2053,karang
2054,karanglo
2055,karantina
2056,karantinaberkumur
2057,karawang
2058,karbon
2059,kardiovaskular
2060,kardus
2061,karena
2062,karenasarah
2063,karenya
2064,karir
2065,karmilasari
2066,karo
2067,kartu
2068,karya
2069,karyawan
2070,kasar
2071,kasat
2072,kasatlantas
2073,kasih
2074,kasihan
2075,kastil
2076,kasubdit
2077,kasudin
2078,kasur
2079,kasus
2080,kasussimak
2081,kata
2082,kategori
2083,kaum
2084,kawal
2085,kawan
2086,kawasaki
2087,kawasan
2088,kawin
2089,kaya
2090,kayak
2091,kazakhstan
2092,kbb
2093,kbm
2094,kebal
2095,keberangkatanapakah
2096,keberangkatansertifikat
2097,keberangkatantes
2098,kebon
2099,kebun
2100,kebut
2101,kece
2102,kecewa
2103,kecil
2104,kecoh
2105,kecuali
2106,kedai
2107,kedaikopi
2108,kedaluwarsa
2109,keep
2110,keikutsertaan
2111,kejaksaanberkas
2112,kejang
2113,kejar
2114,kejat
2115,kejut
2116,kelab
2117,kelabu
2118,kelakuanyahudingebohongin
2119,kelamin
2120,kelapa
2121,kelas
2122,keliling
2123,kelinci
2124,keliru
2125,kelod
2126,kelola
2127,kelompok
2128,keluar
2129,keluarga
2130,keluarsyarat
2131,keluh
2132,keluyur
2133,kemah
2134,kemarin
2135,kemas
2136,kembali
2137,kembang
2138,kembangandia
2139,kembangankegiatan
2140,kembar
2141,kemenag
2142,kemenaker
2143,kemendikbudristek
2144,kemenkes
2145,kemenkessementara
2146,kemenkessimak
2147,kemenkesvaksin
2148,kemenkum
2149,kemenristekdikti
2150,kemeristekdikti
2151,kemiri
2152,kemkes
2153,kemnaker
2154,kemorosotan
2155,kena
2156,kenal
2157,kenan
2158,kenang
2159,kendala
2160,kendali
2161,kendara
2162,kendaraanmenurutnya
2163,kendati
2164,kendur
2165,kenegarawanan
2166,kenegarawanannya
2167,kennedy
2168,kepa
2169,kepada
2170,kepala
2171,kepalanyeri
2172,kepgub
2173,kerabat
2174,kerap
2175,keras
2176,kerep
2177,kereta
2178,keri
2179,kering
2180,kerja
2181,kerkhove
2182,keroyok
2183,keroyokan
2184,kertas
2185,kerumun
2186,kerumunanmengurangi
2187,kesah
2188,kesal
2189,kesan
2190,kesiap
2191,ketat
2192,ketawa
2193,ketemu
2194,ketenagakerjaan
2195,ketes
2196,ketidakpercayaannya
2197,ketidakpuasan
2198,ketimbang
2199,ketua
2200,kexing
2201,khadafi
2202,khas
2203,khawatir
2204,khawatirbima
2205,khawatirsebelumnya
2206,khianat
2207,khusus
2208,kiai
2209,kian
2210,kick
2211,kilah
2212,kimia
2213,kini
2214,kiper
2215,kipi
2216,kira
2217,kirax
2218,kirim
2219,kisah
2220,kisar
2221,kitab
2222,kitchen
2223,klaimfoto
2224,klasifikasi
2225,klaster
2226,klaten
2227,klenteng
2228,klien
2229,klienyya
2230,klik
2231,klimatologi
2232,klinis
2233,klub
2234,know
2235,knv
2236,koagulasi
2237,koas
2238,kode
2239,koh
2240,koja
2241,kok
2242,kolonel
2243,koma
2244,kombes
2245,kombinasi
2246,komentar
2247,kominfo
2248,komisi
2249,komisioner
2250,komite
2251,komitmen
2252,komjen
2253,komnas
2254,komorbid
2255,komorbiddapat
2256,kompas
2257,kompensasi
2258,kompetensi
2259,kompetisi
2260,komplek
2261,kompleks
2262,kompol
2263,komprehensif
2264,komputer
2265,komunal
2266,komunikasi
2267,komunis
2268,kondensasi
2269,kondisi
2270,konferensi
2271,konfirmasi
2272,konflik
2273,kongres
2274,konsentrasi
2275,konsep
2276,konser
2277,konservasi
2278,konservatif
2279,konsisten
2280,konsistensi
2281,konsolidasi
2282,konspirasi
2283,konstitusi
2284,konstitusional
2285,konsultasi
2286,konsultasiresep
2287,konsumen
2288,konsumsi
2289,kontak
2290,konteks
2291,konten
2292,kontribusi
2293,kontrol
2294,kontroversi
2295,kontroversial
2296,konvensi
2297,konvensional
2298,koordinasi
2299,koordinator
2300,kop
2301,koped
2302,koperasi
2303,kopet
2304,kopi
2305,kopid
2306,kopo
2307,korban
2308,korea
2309,koreksi
2310,koridor
2311,koroner
2312,korongna
2313,korps
2314,korsel
2315,korupsi
2316,kosambi
2317,kosong
2318,kotak
2319,kovit
2320,kpm
2321,kreatif
2322,kremasi
2323,kremlin
2324,kriminal
2325,kriminalitas
2326,krisis
2327,kristiyanto
2328,kriteria
2329,kritik
2330,kritikus
2331,kritis
2332,krl
2333,kroni
2334,kronologi
2335,kru
2336,ksp
2337,ktp
2338,ktpnya
2339,kualifikasi
2340,kualitas
2341,kuasa
2342,kuat
2343,kubur
2344,kucing
2345,kuhp
2346,kuipers
2347,kujur
2348,kukuahmed
2349,kuli
2350,kuliah
2351,kuliner
2352,kulit
2353,kultur
2354,kumpul
2355,kumulatif
2356,kumur
2357,kun
2358,kunci
2359,kuning
2360,kunjung
2361,kunker
2362,kuno
2363,kurang
2364,kursi
2365,kuswara
2366,kuta
2367,kutip
2368,lab
2369,label
2370,labobar
2371,laboratorium
2372,lacak
2373,lady
2374,laga
2375,lagi
2376,lagilebih
2377,lagiseperti
2378,lah
2379,lahan
2380,lahir
2381,laim
2382,lain
2383,lainberkomitmen
2384,lainnyadapat
2385,lainnyamemiliki
2386,laju
2387,laki
2388,laknatullah
2389,laksana
2390,lalai
2391,lalu
2392,laman
2393,lambat
2394,lambatapa
2395,lambda
2396,lambe
2397,lampau
2398,lampir
2399,lampung
2400,lancar
2401,lancarberdasarkan
2402,lancong
2403,landa
2404,landas
2405,lando
2406,langgan
2407,langgar
2408,langit
2409,langkah
2410,langsung
2411,langsunh
2412,lanjur
2413,lanjut
2414,lanka
2415,lansia
2416,lansir
2417,lantai
2418,lantar
2419,lantas
2420,lantik
2421,lap
2422,lapang
2423,lapanlembaga
2424,lapar
2425,lapis
2426,lapor
2427,laptop
2428,larang
2429,lari
2430,larut
2431,later
2432,latest
2433,lathifah
2434,latih
2435,latin
2436,laut
2437,lawak
2438,lawan
2439,lawyer
2440,layak
2441,layan
2442,layar
2443,layardari
2444,ldks
2445,lead
2446,league
2447,lebak
2448,lebih
2449,ledak
2450,ledokombo
2451,left
2452,legendaris
2453,legi
2454,legislatif
2455,legislator
2456,leila
2457,lejit
2458,lelah
2459,lemah
2460,lemak
2461,lembaga
2462,lembah
2463,lembang
2464,lembangoleh
2465,lempar
2466,lengah
2467,lengan
2468,lengang
2469,lengkap
2470,lengkong
2471,length
2472,leni
2473,lenyap
2474,leo
2475,lepas
2476,les
2477,lestari
2478,leste
2479,letak
2480,letjen
2481,letus
2482,level
2483,lewat
2484,lho
2485,liam
2486,liar
2487,libat
2488,liberal
2489,libur
2490,lidi
2491,lifesitenews
2492,liga
2493,lihat
2494,like
2495,limfosit
2496,limfositosis
2497,limpah
2498,lin
2499,lindelof
2500,lindung
2501,line
2502,lingkar
2503,lingkung
2504,lingkup
2505,link
2506,lintas
2507,lipat
2508,liput
2509,lir
2510,listrik
2511,listyo
2512,litbangkes
2513,live
2514,liver
2515,lives
2516,liziawati
2517,ll
2518,lock
2519,lockdown
2520,lockdowndick
2521,lockdownpihak
2522,logam
2523,logic
2524,logo
2525,loka
2526,lokal
2527,lokasi
2528,lokermeski
2529,lolos
2530,lomba
2531,lombok
2532,london
2533,londondalam
2534,long
2535,longgar
2536,lonjak
2537,lontar
2538,loose
2539,lots
2540,louis
2541,lpmp
2542,lu
2543,luas
2544,luasia
2545,lucu
2546,luhut
2547,luka
2548,lukauntuk
2549,lulus
2550,lumayan
2551,lunak
2552,luncur
2553,lungo
2554,lupa
2555,lur
2556,lurah
2557,lying
2558,maa
2559,maaf
2560,maafdia
2561,macam
2562,macan
2563,macet
2564,macron
2565,madam
2566,madu
2567,madya
2568,magnet
2569,magufuli
2570,mah
2571,maha
2572,mahal
2573,mahamud
2574,maharani
2575,mahasiswa
2576,mahasiswi
2577,mahkamah
2578,maimoen
2579,main
2580,majelis
2581,maju
2582,mak
2583,maka
2584,makam
2585,makan
2586,makarim
2587,makassar
2588,makehis
2589,makkasau
2590,makmur
2591,makna
2592,maksimal
2593,maksimalberikut
2594,maksimalmenurut
2595,maksud
2596,mala
2597,malam
2598,malang
2599,malas
2600,malaysia
2601,maling
2602,malingsebelumnya
2603,malone
2604,maloneyang
2605,malu
2606,mampu
2607,man
2608,mana
2609,manado
2610,manajer
2611,mandalika
2612,mandalikapatung
2613,mandarin
2614,mandat
2615,mandi
2616,mandira
2617,mandiri
2618,mandowen
2619,manfaat
2620,mang
2621,manggis
2622,mangkal
2623,manhattan
2624,manipulasi
2625,manis
2626,manny
2627,mansion
2628,mantan
2629,mantap
2630,mantik
2631,manusia
2632,maori
2633,mapolda
2634,mapolrestabes
2635,marah
2636,maranggi
2637,marcelino
2638,marcos
2639,maret
2640,margasatwa
2641,margonda
2642,mari
2643,maria
2644,mariah
2645,mark
2646,markas
2647,marketing
2648,marta
2649,marwan
2650,mary
2651,mas
2652,masak
2653,masalah
2654,masboy
2655,masif
2656,masjid
2657,masker
2658,maslahat
2659,masran
2660,mass
2661,massa
2662,massachusetts
2663,massal
2664,masturi
2665,masuk
2666,masyarakat
2667,masyarakatsleeping
2668,mata
2669,matahari
2670,matang
2671,materi
2672,materiil
2673,mati
2674,matter
2675,matur
2676,mau
2677,maulana
2678,mauliani
2679,maut
2680,mayat
2681,mayjen
2682,mayor
2683,mayoritas
2684,md
2685,me
2686,mea
2687,media
2688,mediacontrol
2689,medical
2690,medis
2691,medsos
2692,medsosmari
2693,medsossebelumnya
2694,meeting
2695,megawasai
2696,mei
2697,meja
2698,mejeng
2699,mekanisme
2700,mekar
2701,mekarbuana
2702,meksiko
2703,melawanndoroglobe
2704,melbourne
2705,melinda
2706,memahamirisikonya
2707,memang
2708,membagikanfoto
2709,member
2710,membludak
2711,memeyy
2712,memperlihakan
2713,memposting
2714,mempostingnya
2715,memvalidasi
2716,memveriiksi
2717,menag
2718,menandatangani
2719,menang
2720,mendagri
2721,mendapaykan
2722,mendesakmelakukan
2723,mendikbud
2724,mendikbudristek
2725,mendung
2726,menep
2727,meng
2728,mengakomodir
2729,mengatasnamakan
2730,menghadang
2731,menghilangkam
2732,menghimbau
2733,menghisap
2734,mengobaticovid
2735,meningatkan
2736,menit
2737,menkes
2738,menkessiti
2739,menpora
2740,menteri
2741,menyebarluaskan
2742,meow
2743,merah
2744,merauke
2745,merck
2746,merdeka
2747,merek
2748,merica
2749,merinci
2750,merincikan
2751,merk
2752,merkuri
2753,meruya
2754,mesan
2755,mesin
2756,message
2757,messenger
2758,metaverse
2759,meteorologi
2760,meter
2761,method
2762,metode
2763,metro
2764,metropolitan
2765,mevaksin
2766,mewah
2767,mewanti
2768,mi
2769,michallet
2770,micro
2771,microsoft
2772,microsot
2773,middleton
2774,might
2775,mike
2776,mikro
2777,milenial
2778,miliar
2779,milik
2780,militer
2781,milu
2782,minat
2783,mineral
2784,minggu
2785,mini
2786,miniatur
2787,minimal
2788,minimum
2789,ministerial
2790,ministra
2791,minta
2792,mintoro
2793,minum
2794,minyak
2795,miras
2796,misbah
2797,misi
2798,misinformasi
2799,miskin
2800,misogini
2801,mitra
2802,mkdalam
2803,ml
2804,mlakune
2805,mlbaca
2806,mlselain
2807,mlvaksin
2808,mmu
2809,mobil
2810,mobile
2811,mobilitas
2812,moch
2813,mochamad
2814,modal
2815,modar
2816,model
2817,modena
2818,moderna
2819,modi
2820,modulasi
2821,modus
2822,moerdijat
2823,moewardi
2824,moga
2825,mogot
2826,mohammad
2827,mohon
2828,molnupiravir
2829,momen
2830,monggo
2831,monica
2832,monitor
2833,monitoring
2834,month
2835,months
2836,more
2837,morrison
2838,mortar
2839,moskow
2840,most
2841,motivasi
2842,moto
2843,motogp
2844,motor
2845,move
2846,mpr
2847,mrna
2848,msg
2849,mso
2850,mu
2851,muak
2852,mucormycosis
2853,muda
2854,mudah
2855,muhamad
2856,muhammad
2857,muhyidin
2858,mui
2859,muka
2860,mukim
2861,multiplisitas
2862,multivitamin
2863,mulut
2864,mulyani
2865,munarman
2866,muncul
2867,munculamerika
2868,munculorganisasi
2869,mundur
2870,muqaddas
2871,murah
2872,murid
2873,murni
2874,museum
2875,mushola
2876,musibah
2877,musik
2878,musim
2879,musimanomicron
2880,musk
2881,muslim
2882,muslimah
2883,musnah
2884,mustain
2885,musuh
2886,mutasi
2887,muter
2888,mutmainnah
2889,my
2890,myanmar
2891,naat
2892,nackolly
2893,nada
2894,nadia
2895,nadiem
2896,nafas
2897,nafkah
2898,naga
2899,naik
2900,najam
2901,nakes
2902,nakesnya
2903,nama
2904,nano
2905,nanti
2906,napas
2907,nar
2908,narasi
2909,narator
2910,narendra
2911,narkoba
2912,narkotika
2913,narratives
2914,nasbi
2915,nasib
2916,nasihat
2917,nasional
2918,nasofaring
2919,nassal
2920,nataru
2921,natur
2922,ndtv
2923,need
2924,needed
2925,negara
2926,negarawan
2927,negatif
2928,negeri
2929,negosiasi
2930,neil
2931,nelayan
2932,nenek
2933,neorobion
2934,neorobionvit
2935,neraka
2936,netanyahu
2937,netty
2938,network
2939,neurotoksisitas
2940,never
2941,new
2942,news
2943,ngambil
2944,ngawi
2945,ngemplak
2946,ngerayai
2947,ngerekam
2948,ngeri
2949,ngeyel
2950,ngisi
2951,niat
2952,nigel
2953,nigeria
2954,nik
2955,nikmat
2956,nila
2957,nilai
2958,nillson
2959,ning
2960,niqab
2961,nkabi
2962,nkri
2963,no
2964,nol
2965,nomad
2966,nomor
2967,non
2968,nonesensial
2969,nongkrong
2970,nope
2971,normal
2972,normalidade
2973,norwegia
2974,not
2975,notabene
2976,novavax
2977,november
2978,now
2979,ns
2980,ntb
2981,ntbupaya
2982,nu
2983,nuarta
2984,nucleic
2985,nukleat
2986,nuklirmeski
2987,numbers
2988,nur
2989,nurmainah
2990,nursaida
2991,nursaidah
2992,nus
2993,nusa
2994,nusantara
2995,nusantaradengan
2996,nuvaxovidatau
2997,nvc
2998,nvl
2999,nyaman
3000,nyambut
3001,nyamuk
3002,nyaring
3003,nyata
3004,nyawa
3005,nyoman
3006,obat
3007,objektif
3008,occupancy
3009,october
3010,of
3011,off
3012,offering
3013,officer
3014,ofisial
3015,ogah
3016,ogp
3017,oh
3018,ojek
3019,ojk
3020,oknum
3021,oksigen
3022,oksimeter
3023,oksimeterjika
3024,oktober
3025,olaf
3026,olah
3027,olahraga
3028,olahragawan
3029,oleh
3030,oligarki
3031,om
3032,omega
3033,omicron
3034,omicroncovid
3035,omicrond
3036,omicrondengan
3037,omicrondilansir
3038,omicronerdogan
3039,omicronjubir
3040,omicronkemenkes
3041,omicronkopi
3042,omicronmasa
3043,omicronpernyataan
3044,omicrontanda
3045,omicronvideo
3046,omikron
3047,omiomniomegagreek
3048,omong
3049,on
3050,one
3051,onjur
3052,online
3053,onlinemantan
3054,opec
3055,open
3056,opendalila
3057,operasi
3058,operasional
3059,oposisi
3060,opsi
3061,optimal
3062,optimisme
3063,optimistis
3064,oral
3065,orang
3066,orange
3067,orangevit
3068,orangnursaidah
3069,orangtua
3070,oranye
3071,oranyesebanyak
3072,orasi
3073,orban
3074,orchestrator
3075,order
3076,organ
3077,organisasi
3078,origin
3079,ormas
3080,ot
3081,otak
3082,otg
3083,other
3084,otonom
3085,otonomi
3086,otoritarianisme
3087,otoritas
3088,otoriter
3089,otot
3090,our
3091,out
3092,outdoor
3093,over
3094,owner
3095,oxford
3096,oxygen
3097,pac
3098,pacquiao
3099,pacquiaososok
3100,pada
3101,pademangan
3102,page
3103,pagecounter
3104,pageview
3105,pagi
3106,paham
3107,pahlawan
3108,pajak
3109,pajang
3110,pakai
3111,pakar
3112,paket
3113,pakis
3114,paksa
3115,palabuhanratu
3116,palang
3117,palapa
3118,palembang
3119,palmerah
3120,palsu
3121,palu
3122,pamer
3123,pameungpeuk
3124,pamong
3125,panadol
3126,panas
3127,pancasila
3128,pancing
3129,pandang
3130,pandemi
3131,pandu
3132,panel
3133,panen
3134,pangan
3135,pangandaran
3136,pangemanan
3137,pangeran
3138,panggil
3139,pangkal
3140,panik
3141,panitera
3142,panitia
3143,panjang
3144,pansos
3145,pansosjunfi
3146,pansus
3147,panta
3148,pantai
3149,pantau
3150,papadopoulos
3151,papan
3152,papar
3153,papua
3154,paracetamol
3155,paragraf
3156,parah
3157,paralel
3158,parameter
3159,parasetamol
3160,parentnode
3161,parepare
3162,paripurna
3163,pariwisata
3164,parkir
3165,parlemen
3166,partai
3167,particulate
3168,partisipasi
3169,partygate
3170,paru
3171,paruh
3172,pas
3173,pasal
3174,pasang
3175,pasar
3176,pasca
3177,pascalonjakan
3178,paser
3179,pasha
3180,pasien
3181,pasienmasa
3182,pasir
3183,pasirkoja
3184,pasok
3185,paspor
3186,pasrah
3187,passport
3188,pasteur
3189,pasteurkemudian
3190,pasteurkendaraan
3191,pasti
3192,pasu
3193,pasuk
3194,pasundan
3195,pat
3196,patah
3197,patel
3198,paten
3199,patients
3200,patoni
3201,patria
3202,patroli
3203,patuh
3204,patung
3205,patut
3206,paud
3207,payudara
3208,pb
3209,pbb
3210,pc
3211,pcr
3212,pcrjamaludin
3213,pcrsementara
3214,pcrsimak
3215,pcrwahyuana
3216,pdi
3217,pdip
3218,pdipsindiran
3219,pdkt
3220,pdm
3221,pdpi
3222,pe
3223,pecah
3224,pecat
3225,peduli
3226,pedulilindungi
3227,pegang
3228,pegawai
3229,pegawaitips
3230,pek
3231,pekan
3232,pekanbaru
3233,pekansimak
3234,pekerjacharles
3235,pelaranganvaxastrazeneca
3236,pelat
3237,pelihara
3238,pelosok
3239,peluang
3240,peluk
3241,peluru
3242,pemberitahuan
3243,pemda
3244,pemeriksan
3245,pemkab
3246,pemkot
3247,pemkotoleh
3248,pemkotperaturan
3249,pemprov
3250,pemuda
3251,penandatangan
3252,penciumandemam
3253,pendek
3254,penerimanyasetelah
3255,peng
3256,pengadilanjunfi
3257,pengadilantirta
3258,pengaruh
3259,penggal
3260,penghianat
3261,penghianatan
3262,penginputan
3263,penjara
3264,pensiun
3265,penting
3266,penuh
3267,penumpange
3268,penyidikansebaran
3269,people
3270,peparnas
3271,pepaya
3272,peran
3273,perancis
3274,perang
3275,perangkap
3276,perangkat
3277,peras
3278,perata
3279,percaya
3280,perdana
3281,perempuan
3282,pergi
3283,perhati
3284,perihal
3285,periksa
3286,perilaku
3287,perinci
3288,peringkat
3289,perintah
3290,periode
3291,peristiwa
3292,perkantoranseperti
3293,perkara
3294,perkembangbiakan
3295,perkosa
3296,perlu
3297,permaisuri
3298,permenaker
3299,perosok
3300,pers
3301,persen
3302,persenpandemi
3303,persensebelumnya
3304,persensementara
3305,persentase
3306,persenwiku
3307,persepsi
3308,persis
3309,pertama
3310,perth
3311,pesan
3312,pesawat
3313,pesiar
3314,peskov
3315,pesta
3316,peta
3317,peter
3318,peti
3319,petinggi
3320,petisi
3321,petrovic
3322,pfizer
3323,phanama
3324,pharma
3325,phk
3326,physician
3327,piala
3328,piatu
3329,picu
3330,pidana
3331,pidato
3332,pik
3333,pikir
3334,pikobar
3335,pilar
3336,pilek
3337,pilih
3338,pilpres
3339,pilu
3340,pimpin
3341,pindah
3342,pingsan
3343,pinjam
3344,pinjol
3345,pink
3346,pintu
3347,pionir
3348,pipa
3349,pisah
3350,pjj
3351,pjr
3352,pkb
3353,pkkm
3354,pkl
3355,pks
3356,pkwt
3357,placebo
3358,plafon
3359,plandemi
3360,planet
3361,plasebo
3362,plastik
3363,platform
3364,pleno
3365,plt
3366,pluit
3367,plus
3368,pm
3369,pmi
3370,pn
3371,podcast
3372,podium
3373,poin
3374,pol
3375,pola
3376,polarisasi
3377,polda
3378,polemik
3379,police
3380,policy
3381,poliklinik
3382,polisi
3383,polisorbat
3384,politik
3385,politikus
3386,politis
3387,polres
3388,polresta
3389,polrestabes
3390,polri
3391,polsek
3392,polusi
3393,pon
3394,ponakan
3395,popularitas
3396,populasi
3397,populer
3398,poranharjo
3399,portugal
3400,posisi
3401,positifkini
3402,positivity
3403,posko
3404,post
3405,poster
3406,postingan
3407,postingannya
3408,potensi
3409,potong
3410,potonganvideo
3411,potret
3412,power
3413,pp
3414,ppid
3415,ppiu
3416,ppkm
3417,ppln
3418,ppp
3419,ppumkm
3420,pr
3421,prabowo
3422,pradesh
3423,prahastuti
3424,praja
3425,prakira
3426,prakosa
3427,praktek
3428,praktik
3429,pramudji
3430,pramuka
3431,pramusim
3432,prancis
3433,pranowo
3434,prasetiyani
3435,prasetya
3436,prayitno
3437,pre
3438,prediksi
3439,premier
3440,presentasi
3441,presenter
3442,presiden
3443,presidensi
3444,president
3445,pressure
3446,prestasi
3447,prevent
3448,preventif
3449,pria
3450,pribadi
3451,pribumi
3452,primer
3453,principle
3454,prinsip
3455,priok
3456,prioksebanyak
3457,priokuntuk
3458,prioritas
3459,prit
3460,privasi
3461,privat
3462,probable
3463,produk
3464,produksi
3465,produktif
3466,prof
3467,profesi
3468,profesional
3469,profit
3470,program
3471,prokes
3472,prokesdjaja
3473,prokesjamaludin
3474,prolong
3475,promosi
3476,propaganda
3477,proporsi
3478,prosedur
3479,proses
3480,protein
3481,proteksi
3482,protes
3483,protokol
3484,protokoler
3485,provinsi
3486,provokasi
3487,proyek
3488,psj
3489,pssi
3490,pt
3491,ptdhgrace
3492,ptm
3493,ptmpelaksanaan
3494,ptmt
3495,pts
3496,ptsp
3497,puan
3498,puanfx
3499,puanjunimart
3500,puanketua
3501,puanuntuk
3502,puas
3503,puasa
3504,publik
3505,publikasi
3506,publish
3507,published
3508,puji
3509,pujut
3510,pukat
3511,pukul
3512,pula
3513,pulang
3514,pulau
3515,pulih
3516,pulpen
3517,pulse
3518,puluh
3519,puncak
3520,pundi
3521,punggung
3522,pungkas
3523,punya
3524,pupr
3525,pura
3526,puri
3527,purn
3528,purnomo
3529,pusdatin
3530,push
3531,pusing
3532,puskesmas
3533,puskesmaskasus
3534,puskesmasriza
3535,putar
3536,putih
3537,putin
3538,putra
3539,putri
3540,putus
3541,putusannyajokowi
3542,qayyimel
3543,qual
3544,quantic
3545,quantum
3546,queen
3547,queryselectorall
3548,questions
3549,rabani
3550,rabu
3551,rachman
3552,racun
3553,radang
3554,radikal
3555,ragu
3556,ragunan
3557,rahasia
3558,rahmat
3559,raih
3560,rais
3561,raja
3562,rajab
3563,rak
3564,raka
3565,rakabuming
3566,rakit
3567,rakor
3568,raksasa
3569,rakyat
3570,ral
3571,ramadhan
3572,ramadhani
3573,ramai
3574,ramal
3575,rambut
3576,ramenya
3577,ranah
3578,random
3579,rang
3580,rangka
3581,rangkai
3582,rangkak
3583,rangkum
3584,rani
3585,ranjang
3586,ranking
3587,rantai
3588,rapat
3589,rapi
3590,rapid
3591,ras
3592,rasa
3593,rasial
3594,rasio
3595,rasisme
3596,rasmussen
3597,rat
3598,rate
3599,ratu
3600,ratulangi
3601,ratus
3602,rauf
3603,rawa
3604,rawan
3605,rawat
3606,raya
3607,raz
3608,re
3609,reaksi
3610,reaktif
3611,real
3612,realistis
3613,rebak
3614,rebut
3615,recep
3616,recover
3617,recovery
3618,reda
3619,reduced
3620,reduksi
3621,referendum
3622,referensi
3623,refleksi
3624,regang
3625,regional
3626,regresso
3627,regulasi
3628,rehabilitasi
3629,rekam
3630,rekan
3631,rekap
3632,rekayasa
3633,rekening
3634,rekomendasi
3635,rekor
3636,rekrut
3637,relaksasi
3638,relatif
3639,released
3640,remaja
3641,rempah
3642,renaldi
3643,renang
3644,rencana
3645,rendah
3646,rentan
3647,rentang
3648,rentet
3649,renung
3650,replantasi
3651,report
3652,reporting
3653,reports
3654,reproduksi
3655,republik
3656,rerie
3657,resah
3658,research
3659,resep
3660,resepsi
3661,reserse
3662,reservasi
3663,reservedsebuah
3664,reses
3665,resesi
3666,reset
3667,resiko
3668,reskrim
3669,resmi
3670,resor
3671,respected
3672,respectively
3673,respons
3674,responsif
3675,restoran
3676,retweet
3677,retweetdan
3678,reuters
3679,revianto
3680,revolusi
3681,rezim
3682,rf
3683,rfs
3684,ri
3685,ria
3686,riah
3687,riak
3688,riapabila
3689,rias
3690,riau
3691,ribet
3692,ribu
3693,ribulike
3694,ribulikedan
3695,riburetweet
3696,richard
3697,ricuh
3698,ridgeback
3699,ridwan
3700,right
3701,rights
3702,rilis
3703,rincian
3704,rinciannya
3705,ringan
3706,riset
3707,rishi
3708,risi
3709,risihmenurut
3710,risiko
3711,rislam
3712,rislamdalam
3713,ristek
3714,riwayat
3715,riyan
3716,riyandi
3717,riza
3718,rk
3719,rna
3720,robert
3721,roboh
3722,robok
3723,robredo
3724,robredolawan
3725,rockefeller
3726,rodrigo
3727,rogan
3728,roh
3729,rohmat
3730,rokok
3731,roma
3732,rombong
3733,romdony
3734,rona
3735,ronaldo
3736,rooji
3737,rosana
3738,rosyid
3739,rothschild
3740,round
3741,royong
3742,rp
3743,rpjmd
3744,rs
3745,rsd
3746,rsdc
3747,rspihak
3748,rsu
3749,rsud
3750,rtuntuk
3751,ruam
3752,ruang
3753,ruangguru
3754,ruangkerja
3755,ruas
3756,rudal
3757,rudi
3758,rudy
3759,rudyatmo
3760,rugby
3761,rugi
3762,rujuk
3763,rukun
3764,rumah
3765,rumakiek
3766,rumit
3767,run
3768,runding
3769,rupa
3770,rupiah
3771,rusa
3772,rusak
3773,rusia
3774,rusiadiketahui
3775,rusli
3776,russel
3777,russell
3778,russia
3779,rusun
3780,rusunawa
3781,rutan
3782,rute
3783,rutin
3784,rw
3785,sa
3786,sabah
3787,sabda
3788,sabtu
3789,sabu
3790,sabun
3791,sabunhindari
3792,sabupolisi
3793,sadar
3794,sadayana
3795,sadikin
3796,sadiq
3797,saeful
3798,safety
3799,sah
3800,saha
3801,said
3802,saing
3803,sains
3804,saintis
3805,saja
3806,sajam
3807,saji
3808,sakit
3809,saksama
3810,saksi
3811,saksono
3812,sakti
3813,salah
3814,salat
3815,salin
3816,salman
3817,salur
3818,salvador
3819,sama
3820,samar
3821,sambung
3822,sambut
3823,samia
3824,sampai
3825,sampel
3826,samping
3827,sampul
3828,samudra
3829,sandang
3830,sandiwara
3831,sang
3832,sangka
3833,sangkut
3834,sanitasi
3835,sanksi
3836,sanmol
3837,santai
3838,santos
3839,sapa
3840,sara
3841,sarah
3842,saran
3843,sarana
3844,sari
3845,sarjana
3846,saroja
3847,sars
3848,sasar
3849,saskatchewan
3850,sate
3851,satelit
3852,satellite
3853,satpol
3854,satria
3855,satu
3856,satwa
3857,saudara
3858,saudi
3859,sawangan
3860,sawer
3861,sawit
3862,sayajunfi
3863,sayang
3864,sc
3865,scan
3866,scanner
3867,scenario
3868,scholz
3869,schooling
3870,science
3871,scientists
3872,scotland
3873,scott
3874,screening
3875,screenshot
3876,script
3877,sd
3878,sdm
3879,sdn
3880,sea
3881,sebab
3882,sebar
3883,sebastian
3884,sebut
3885,second
3886,sedan
3887,sederhana
3888,sedia
3889,sedih
3890,segi
3891,seharipenurun
3892,sehat
3893,sehatalajsr
3894,sejahtera
3895,sejarah
3896,sejati
3897,sejuah
3898,sek
3899,sekarang
3900,sekda
3901,sekian
3902,sekjen
3903,sekolah
3904,sekolahselain
3905,sekretariat
3906,sekretaris
3907,seks
3908,seksual
3909,sektor
3910,sekutu
3911,sel
3912,selam
3913,selamat
3914,selandia
3915,selang
3916,selanjutnyasimak
3917,selasa
3918,selatan
3919,selebritas
3920,selenggara
3921,selesai
3922,selidik
3923,selular
3924,semangat
3925,semarang
3926,sembari
3927,sembilan
3928,sembuh
3929,sembuhapa
3930,sembuhrislam
3931,sembul
3932,sembunyi
3933,semenjak
3934,semi
3935,sempat
3936,semprot
3937,sempurna
3938,semua
3939,senam
3940,senang
3941,senat
3942,senator
3943,send
3944,sendiri
3945,sendirisalah
3946,sengaja
3947,seni
3948,seniman
3949,senin
3950,senior
3951,senja
3952,senjata
3953,sensor
3954,sentanu
3955,sentil
3956,sentra
3957,sepak
3958,sepakat
3959,sepatu
3960,sepeda
3961,sepele
3962,sepenuh
3963,sepi
3964,sepsis
3965,september
3966,septiawan
3967,sequencing
3968,seragam
3969,serah
3970,seram
3971,serang
3972,serangga
3973,serba
3974,serbasalah
3975,serbia
3976,serbu
3977,serentak
3978,seret
3979,serikat
3980,serius
3981,seriussatu
3982,serta
3983,sertifikasi
3984,sertifikat
3985,seru
3986,sesak
3987,sesal
3988,sesat
3989,sesi
3990,sesuai
3991,set
3992,setan
3993,setda
3994,setop
3995,severe
3996,sewa
3997,sexist
3998,share
3999,sharing
4000,shift
4001,shin
4002,short
4003,si
4004,siaga
4005,siang
4006,sianturi
4007,siap
4008,siar
4009,siber
4010,sicepat
4011,sidang
4012,side
4013,sidi
4014,sidik
4015,sif
4016,sifat
4017,sigit
4018,signifikan
4019,sih
4020,siji
4021,sikap
4022,sikeras
4023,siklon
4024,siksa
4025,sila
4026,silwanus
4027,simak
4028,simanjuntak
4029,simbah
4030,simonette
4031,simpan
4032,simpang
4033,simpati
4034,simpul
4035,sinar
4036,sinchew
4037,sindikat
4038,sindir
4039,sinergi
4040,sinergisitas
4041,sinergitas
4042,sinetron
4043,sing
4044,singapura
4045,singapuraselain
4046,singapurasemoga
4047,singgung
4048,singkat
4049,singkong
4050,sinhala
4051,sino
4052,sinopharm
4053,sinovac
4054,sintesis
4055,sipayung
4056,sipil
4057,sirajuddin
4058,sirkuit
4059,sis
4060,sisa
4061,sisi
4062,sistem
4063,sistematis
4064,siswa
4065,siswanta
4066,sita
4067,sitanggang
4068,siti
4069,situ
4070,situasi
4071,situs
4072,situshajinews
4073,size
4074,sjafri
4075,skala
4076,skandal
4077,skb
4078,skbm
4079,skema
4080,skenario
4081,skeptis
4082,skill
4083,skor
4084,skotlandia
4085,skpd
4086,skrining
4087,sleman
4088,slide
4089,slot
4090,slsai
4091,sman
4092,smart
4093,smartphone
4094,smk
4095,smpn
4096,smu
4097,snackvideo
4098,soal
4099,social
4100,sod
4101,soekardjo
4102,soekarno
4103,soenarko
4104,soetta
4105,soft
4106,sok
4107,solapung
4108,solek
4109,solidaritas
4110,soliditas
4111,solo
4112,solusi
4113,some
4114,something
4115,sonjaya
4116,sono
4117,soon
4118,sorak
4119,sore
4120,soreang
4121,soreness
4122,soroja
4123,sorot
4124,sorry
4125,sosial
4126,sosialisasi
4127,sosok
4128,soul
4129,source
4130,sources
4131,south
4132,spa
4133,spanduk
4134,spanyol
4135,specimen
4136,speedy
4137,spekulasi
4138,spesialis
4139,spesifikasi
4140,spikevax
4141,spku
4142,spontan
4143,spotify
4144,spp
4145,sputnik
4146,sr
4147,src
4148,srengseng
4149,sri
4150,srimulat
4151,srimulatunggahan
4152,ssc
4153,ssementara
4154,ssuai
4155,stabil
4156,stabilitas
4157,staf
4158,stakeholder
4159,stakeholders
4160,standar
4161,standford
4162,start
4163,started
4164,stasiun
4165,statement
4166,states
4167,statistik
4168,status
4169,stempel
4170,step
4171,stigma
4172,stigmatisasi
4173,stik
4174,stok
4175,stop
4176,stops
4177,story
4178,strategi
4179,strategis
4180,street
4181,stres
4182,stresssebelumnya
4183,strict
4184,stronger
4185,struktur
4186,studi
4187,studies
4188,study
4189,sty
4190,style
4191,suam
4192,suap
4193,suara
4194,suasa
4195,suasana
4196,subdit
4197,subjek
4198,subtitle
4199,subvarian
4200,succeeded
4201,successful
4202,suci
4203,sudah
4204,sudin
4205,sudinkes
4206,sudirianto
4207,sudut
4208,sufari
4209,suharto
4210,suhu
4211,suka
4212,sukabumi
4213,sukabumiia
4214,sukajadi
4215,sukasari
4216,sukoharjo
4217,sukses
4218,suku
4219,sulawesi
4220,sulit
4221,sulsel
4222,sultan
4223,suluhu
4224,sumatera
4225,sumbang
4226,sumbangsih
4227,sumber
4228,sumedang
4229,sumego
4230,sumpah
4231,sumule
4232,sunak
4233,sungai
4234,sungguh
4235,sungkan
4236,sunter
4237,sunti
4238,suntik
4239,sunting
4240,sup
4241,supari
4242,superkomputer
4243,supervisor
4244,suplai
4245,supratikno
4246,suprayitno
4247,suprayoga
4248,supremasi
4249,supriyadi
4250,surabaya
4251,suram
4252,surat
4253,surati
4254,suren
4255,surga
4256,surge
4257,suriansyah
4258,suruh
4259,survei
4260,survive
4261,susah
4262,susmanto
4263,suspek
4264,susu
4265,susul
4266,suwun
4267,swab
4268,swasono
4269,swasta
4270,sweden
4271,swedia
4272,sweeping
4273,swi
4274,syafrin
4275,syahidah
4276,syaiful
4277,syal
4278,syamsuddin
4279,syarat
4280,syaratnyaadapun
4281,syaratnyayudi
4282,sydney
4283,symptoms
4284,system
4285,syukur
4286,ta
4287,taa
4288,taat
4289,tabel
4290,tabrak
4291,tabung
4292,tach
4293,tae
4294,tafsir
4295,tagar
4296,tahan
4297,tahap
4298,tahu
4299,tahun
4300,tahunangela
4301,tahunpada
4302,tahuntidak
4303,tajam
4304,tak
4305,takedasinovac
4306,takhta
4307,takut
4308,tal
4309,tama
4310,tamalatea
4311,taman
4312,tamblong
4313,tameng
4314,tampak
4315,tampik
4316,tampil
4317,tampung
4318,tamu
4319,tanah
4320,tanam
4321,tanda
4322,tanding
4323,tangan
4324,tangerang
4325,tangga
4326,tanggal
4327,tanggap
4328,tanggung
4329,tangsel
4330,tanjak
4331,tanjung
4332,tansportasi
4333,tantang
4334,tanya
4335,tanzania
4336,tanzaniaygsempat
4337,tapa
4338,tape
4339,tapi
4340,tapos
4341,target
4342,tari
4343,tarif
4344,tarik
4345,tarmizi
4346,taruh
4347,tarumajaya
4348,tarung
4349,tasikmalaya
4350,tata
4351,tatanan
4352,tatap
4353,tato
4354,tatto
4355,tau
4356,taufik
4357,tauhid
4358,taut
4359,tawar
4360,tawur
4361,tayang
4362,tayyip
4363,tch
4364,teater
4365,tebak
4366,tebus
4367,tebusresep
4368,tebusresepobat
4369,technology
4370,tedi
4371,tega
4372,tegak
4373,tegal
4374,tegalwaru
4375,tegang
4376,tegas
4377,teguh
4378,tegur
4379,tekan
4380,teknik
4381,teknis
4382,teknologi
4383,teks
4384,tel
4385,telah
4386,telat
4387,telegram
4388,telekonsultasi
4389,telemedicine
4390,telemedicinepasien
4391,telemedisin
4392,telepon
4393,televisi
4394,telh
4395,teliti
4396,telu
4397,telusur
4398,teluuur
4399,tema
4400,teman
4401,tembak
4402,tembok
4403,tembus
4404,temido
4405,tempat
4406,tempel
4407,template
4408,tempo
4409,tempuh
4410,temu
4411,tenaga
4412,tenang
4413,tendang
4414,tengadah
4415,tengah
4416,tenggara
4417,tenggat
4418,tenggelam
4419,tenggorok
4420,tentang
4421,tentara
4422,tentu
4423,tepat
4424,tepi
4425,tera
4426,terampil
4427,terang
4428,terap
4429,terapi
4430,terbang
4431,terbanyakamerika
4432,terbanyangkan
4433,terbit
4434,terdahulukarena
4435,teriak
4436,terima
4437,teritori
4438,terjang
4439,terjemah
4440,terjun
4441,terkonfimasi
4442,terlenaanies
4443,term
4444,terminologi
4445,terna
4446,ternak
4447,terobos
4448,terpa
4449,terpaparcovid
4450,terpisahkamar
4451,terpisahterdapat
4452,terpukulsaat
4453,terrible
4454,tersebuttelah
4455,tertib
4456,terumbu
4457,terus
4458,tes
4459,tesseorang
4460,test
4461,testing
4462,tests
4463,tetangga
4464,tetap
4465,teu
4466,teuku
4467,tewas
4468,texas
4469,tga
4470,thailand
4471,thames
4472,that
4473,the
4474,therapeutic
4475,there
4476,theresa
4477,thermogun
4478,they
4479,thimerosal
4480,thing
4481,thinking
4482,thinkingada
4483,this
4484,thrombocytopenia
4485,tiada
4486,tidak
4487,tidur
4488,tiga
4489,tiket
4490,tiktok
4491,tim
4492,timbang
4493,timbul
4494,time
4495,times
4496,timeson
4497,timika
4498,timnas
4499,timor
4500,timur
4501,timurberdasarkan
4502,tindak
4503,tinggal
4504,tinggi
4505,tingginyaanies
4506,tingginyadia
4507,tingkat
4508,tinjau
4509,tinju
4510,tipe
4511,tipiring
4512,tips
4513,tipu
4514,tirta
4515,tiru
4516,titik
4517,title
4518,tjahyono
4519,tmb
4520,tmii
4521,tmp
4522,tni
4523,today
4524,together
4525,toha
4526,tohok
4527,toko
4528,tokoh
4529,tol
4530,tolak
4531,tolong
4532,tom
4533,tomicmeminta
4534,tomtom
4535,ton
4536,tonton
4537,top
4538,topi
4539,torang
4540,total
4541,tower
4542,tpu
4543,tracing
4544,tracingrumah
4545,tracingsimak
4546,track
4547,tradisional
4548,traffi
4549,traffic
4550,tragis
4551,transaksi
4552,transfer
4553,transformasi
4554,transfusi
4555,translational
4556,transmisi
4557,transparan
4558,transportasi
4559,travel
4560,traveling
4561,travelling
4562,treatment
4563,tren
4564,trends
4565,tri
4566,triase
4567,tribun
4568,tried
4569,triliun
4570,trismidianto
4571,triwulan
4572,tropis
4573,trotoar
4574,truk
4575,trum
4576,trump
4577,trust
4578,tsunami
4579,tua
4580,tuan
4581,tuang
4582,tubuh
4583,tubuhkelelahantidak
4584,tuduh
4585,tugas
4586,tuhan
4587,tuju
4588,tujuh
4589,tukar
4590,tulang
4591,tular
4592,tulis
4593,tum
4594,tumbuh
4595,tumpah
4596,tumpang
4597,tumplek
4598,tumpu
4599,tumpuk
4600,tunai
4601,tunas
4602,tunda
4603,tunggu
4604,tunjuk
4605,tuntas
4606,tuntut
4607,turis
4608,turki
4609,turnamen
4610,turun
4611,turunsebelumnya
4612,turununtuk
4613,turut
4614,tutul
4615,tutup
4616,tv
4617,tweet
4618,twitter
4619,twitterinidan
4620,two
4621,uang
4622,uap
4623,ub
4624,ubah
4625,ucap
4626,ucapnyalalu
4627,udara
4628,udwadia
4629,ugal
4630,ugalan
4631,ugd
4632,ugm
4633,ui
4634,uin
4635,uji
4636,ujung
4637,uk
4638,ukmppd
4639,ukraina
4640,ukrainarusia
4641,ukur
4642,ulama
4643,ulang
4644,ulas
4645,ultah
4646,ultraviolet
4647,ulur
4648,umar
4649,umat
4650,umbar
4651,ummahmad
4652,ummat
4653,umrah
4654,umroh
4655,umum
4656,umur
4657,undang
4658,understanding
4659,unduh
4660,undur
4661,unfortunate
4662,unggahandi
4663,ungkap
4664,ungu
4665,unit
4666,united
4667,universal
4668,universitas
4669,university
4670,unjuk
4671,unjung
4672,unsrat
4673,untuk
4674,untun
4675,untung
4676,up
4677,upah
4678,upaya
4679,update
4680,updated
4681,updates
4682,upeti
4683,upgrade
4684,upi
4685,upt
4686,urai
4687,urais
4688,urgensi
4689,urine
4690,urus
4691,urut
4692,us
4693,usah
4694,usaha
4695,usap
4696,use
4697,usia
4698,using
4699,usul
4700,utama
4701,utara
4702,uttar
4703,utuh
4704,uu
4705,uud
4706,uun
4707,uv
4708,vaccination
4709,vaccinations
4710,vaccine
4711,vaccines
4712,vacsin
4713,vaers
4714,vaksin
4715,vaksinasi
4716,vaksinasicovid
4717,vaksinasidi
4718,vaksinasimenjaga
4719,vaksinastrazenecapaling
4720,vaksineksperimen
4721,vaksinkemudian
4722,valuewalk
4723,van
4724,var
4725,variabel
4726,varian
4727,variant
4728,vaxzevriaastrazeneca
4729,vektor
4730,venezuela
4731,ventilasi
4732,ventilator
4733,verifikasi
4734,versi
4735,very
4736,vi
4737,via
4738,viagra
4739,victims
4740,victor
4741,victoria
4742,video
4743,vietnam
4744,vihara
4745,viii
4746,viktor
4747,viral
4748,viralkan
4749,virma
4750,virologi
4751,virtual
4752,virulensi
4753,virus
4754,virusnegara
4755,visa
4756,visioner
4757,vit
4758,vitamin
4759,viv
4760,vladimir
4761,vnovavax
4762,voc
4763,void
4764,volume
4765,vonis
4766,voucher
4767,vp
4768,vs
4769,vuitton
4770,wa
4771,wabah
4772,wacana
4773,wadah
4774,wafat
4775,wagub
4776,wahab
4777,wahid
4778,wahyu
4779,wahyuana
4780,wainna
4781,wajah
4782,wajar
4783,wajib
4784,waketum
4785,wakil
4786,wales
4787,wali
4788,walikota
4789,wamenag
4790,wanita
4791,wanti
4792,wara
4793,waras
4794,warga
4795,warganet
4796,waris
4797,warn
4798,warna
4799,wartawan
4800,warung
4801,was
4802,waspada
4803,wawan
4804,wawancara
4805,way
4806,wayahna
4807,wayne
4808,we
4809,website
4810,weekend
4811,weekly
4812,wef
4813,well
4814,wenang
4815,wfh
4816,what
4817,whatsapp
4818,when
4819,where
4820,who
4821,whoakhirnya
4822,whole
4823,wholima
4824,whosimak
4825,wib
4826,wibisana
4827,widodo
4828,widyastuti
4829,wihana
4830,wijanarka
4831,wiku
4832,wilayah
4833,william
4834,winaryo
4835,winchester
4836,window
4837,windows
4838,windsor
4839,wira
4840,wisata
4841,wisatawan
4842,wishes
4843,wisma
4844,wisuda
4845,wit
4846,wita
4847,with
4848,words
4849,world
4850,woro
4851,written
4852,wuhan
4853,wujud
4854,xi
4855,xvi
4856,xx
4857,ya
4858,yahudi
4859,yakin
4860,yaman
4861,yamanpresiden
4862,yani
4863,yansoskesmas
4864,yard
4865,yasin
4866,yatim
4867,yayasan
4868,yeadon
4869,year
4870,years
4871,yf
4872,yogi
4873,yogyakarta
4874,yong
4875,york
4876,you
4877,young
4878,your
4879,youtube
4880,youtubenya
4881,yudi
4882,yum
4883,yunani
4884,yunna
4885,yunus
4886,yustisi
4887,zahra
4888,zainut
4889,zak
4890,zakir
4891,zaman
4892,zap
4893,zarir
4894,zat
4895,zatnika
4896,zealand
4897,zeneca
4898,zero
4899,zinc
4900,zincvit
4901,zionis
4902,zona
4903,zonasi
4904,zoom
4905,zoonotik
4906,zubair
4907,zuckerbeg
4908,zulpan
